timestamp,btc_mining_companies,countries,defi,etfs,private_companies,public_companies
2025-06-19 21:49:08,102209,529705,166330,1404242,457870,777021
2025-06-19 21:50:10,102209,529705,166330,1404242,457870,777021
2025-06-19 20:18:32,102209,529705,166330,1404242,457870,777021
2025-06-19 20:27:06,102209,529705,166330,1404242,457870,777021
2025-06-20 00:12:34,102209,529705,166330,1404242,457870,777021
2025-06-20 19:15:30,102209,529705,166330,1405244,457870,777021
2025-06-21 00:12:16,102209,529705,166330,1405244,457870,777021
2025-06-22 00:13:40,102209,529705,166330,1405244,457870,777021
2025-06-23 00:13:18,102209,529705,166330,1405244,457870,777064
2025-06-24 00:12:26,102209,529705,166330,1405230,457870,778695
2025-06-25 00:12:59,102209,529705,166330,1408504,458870,778695
2025-06-26 00:12:39,102209,529705,166330,1413985,458870,778695
2025-06-27 00:13:09,102209,529705,166330,1419102,421641,833214
2025-06-28 00:11:43,102209,529705,166330,1421300,421641,833214
2025-06-29 00:13:55,102209,529705,166330,1421300,421641,833214
2025-06-30 00:13:18,102209,529705,166330,1421300,421641,833214
2025-07-01 00:14:23,104330,529705,166330,1425814,421641,854764
2025-07-02 00:12:32,104330,529705,166330,1426866,421641,856029
2025-07-03 00:13:03,104336,529705,166330,1424708,421641,856351
2025-07-04 00:12:31,104336,529705,166330,1425925,421641,856607
2025-07-05 00:12:10,104387,529705,166330,1429376,421641,856649
2025-07-06 00:14:00,104387,529705,166330,1429376,421641,856649
2025-07-07 00:13:33,104383,529705,166330,1429376,421641,856923
2025-07-08 00:12:57,104430,529705,166330,1431535,421641,857008
2025-07-09 00:12:44,104536,529705,166330,1434672,421641,857322
2025-07-10 00:12:59,104536,529705,166330,1435228,421641,858944
2025-07-11 00:12:41,104536,529705,166330,1437105,421641,858944
2025-07-12 00:13:00,104536,529705,166330,1444980,421641,858944
2025-07-13 00:14:20,104536,529705,166330,1447736,421641,858944
2025-07-14 00:13:48,104548,529705,166330,1447736,421641,857514
2025-07-15 00:13:19,104559,529705,166330,1455977,421641,861752
2025-07-16 00:13:11,104559,529705,166330,1458451,421641,863298
2025-07-17 00:12:38,107089,529705,166330,1462103,416295,863298
2025-07-18 00:12:57,107089,529705,166330,1468722,416295,863298
2025-07-19 00:12:36,107089,529705,166330,1473017,416869,864624
2025-07-20 00:14:33,107089,529705,166330,1472757,416869,864650
2025-07-21 00:13:49,107089,529705,166330,1472757,416896,889379
2025-07-22 00:13:37,107847,529705,166330,1476856,416898,890137
2025-07-23 00:13:14,107847,517296,166330,1491943,404185,890137
2025-07-24 00:13:24,107847,517296,166330,1491023,404185,890137
2025-07-25 00:13:05,107858,517296,166330,1486032,412470,897086
2025-07-26 00:13:03,107858,517296,166330,1480729,412470,897086
2025-07-27 00:14:28,107858,517296,166330,1480729,412470,897086
2025-07-28 00:13:44,107858,517296,166330,1480729,412470,897086
2025-07-29 00:14:40,107858,517296,166330,1480729,412470,897086
2025-07-30 00:13:36,107858,517296,166330,1492383,412470,904368
2025-07-31 00:13:43,107858,517296,191880,1496556,426190,925389
2025-08-01 00:15:03,107858,517296,267236,1496585,426190,925389
2025-08-02 00:12:39,107858,517296,267236,1490259,426190,925389
2025-08-03 00:14:38,107858,517296,267236,1490259,426190,925389
2025-08-04 00:14:26,107858,517296,267236,1490259,426190,925389
2025-08-05 00:13:50,107858,517296,267236,1489618,426190,931569
2025-08-06 00:23:47,108763,517296,267236,1489618,426190,932494
2025-08-07 00:14:04,108763,517296,267236,1483728,426190,933591
2025-08-08 00:13:28,108763,517296,267236,1483728,426190,933591
2025-08-09 00:12:29,108763,517296,267236,1484736,426190,933591
2025-08-10 00:14:26,108763,517296,267236,1484736,426190,933591
2025-08-11 00:14:04,108763,517296,267236,1484736,426190,933591
2025-08-12 00:12:04,109808,517296,267236,1489895,426190,934792
2025-08-13 00:13:05,109808,517296,267236,1491450,426190,935498
2025-08-14 00:12:40,109808,517296,267236,1492665,426237,935498
2025-08-15 00:13:33,109808,517296,267236,1492755,426237,935498
2025-08-16 00:12:20,109808,517296,267236,1496048,426237,935498
2025-08-17 00:13:57,109808,517296,267236,1496048,426237,935498
2025-08-18 00:13:42,109808,517296,267236,1496048,426237,935498
2025-08-19 00:12:34,114867,517296,267236,1496926,426237,940083
2025-08-20 00:12:07,114974,517296,267236,1495725,426237,946479
2025-08-21 00:11:21,114996,517296,267236,1492700,426250,946514
2025-08-22 00:12:03,114996,517296,267236,1489680,426250,946514
2025-08-23 00:11:49,114996,517296,267236,1489557,426250,946514
2025-08-24 00:13:21,114996,517296,267236,1489557,426250,946514
2025-08-25 00:12:37,114996,517296,267236,1489557,426250,946514
2025-08-26 00:12:12,115202,517296,267236,1487132,426250,948863
2025-08-27 00:12:47,115202,517296,267236,1488683,426250,948904
2025-08-28 00:12:23,115202,517296,267236,1488683,426250,948904
2025-08-29 00:12:24,115202,517296,267236,1486931,426250,948904
2025-08-30 00:11:03,115202,517296,267236,1486931,426250,948904
2025-08-31 00:13:31,115202,517296,267236,1486931,426250,948904
2025-09-01 00:14:25,115202,517296,267236,1486931,426250,948904
2025-09-02 00:12:00,115202,517296,267236,1488697,426250,948904
2025-09-03 00:11:41,115671,517296,267236,1488086,426250,958111
2025-09-04 00:11:25,115671,517296,267236,1490754,426266,958117
2025-09-05 00:12:31,115671,517296,267236,1493300,426266,958117
2025-09-06 00:11:54,115671,517296,267236,1493300,426266,958117
2025-09-07 00:13:01,115671,517296,267236,1493300,426266,958117
2025-09-08 00:12:12,115795,517296,267236,1493300,426266,958241
2025-09-09 00:14:45,118674,517296,267236,1490305,426266,963479
2025-09-10 00:11:54,118164,517296,267236,1492752,426298,964475
2025-09-11 00:12:04,118164,517296,267236,1493278,426298,964475
2025-09-12 00:12:11,118164,517296,267236,1499470,426298,964475
2025-09-13 00:10:40,118164,517296,267236,1499470,426298,964475
2025-09-14 00:12:52,118164,517296,267236,1499470,426298,964475
2025-09-15 00:13:04,118164,517296,267236,1499470,426298,964475
2025-09-16 00:11:36,118164,517296,267236,1507402,426298,969272
2025-09-17 00:11:20,118164,517296,267236,1512404,426298,969272
2025-09-18 00:11:46,118164,517296,267236,1512404,426298,969272
2025-09-19 00:11:56,118164,517296,267236,1514552,426298,976772
2025-09-20 00:11:00,118164,517296,267236,1514656,426298,976772
2025-09-21 00:13:15,118164,517296,267236,1514656,426298,976772
2025-09-22 00:12:55,118164,517296,267236,1514656,426298,976772
2025-09-23 00:12:06,118164,517296,267236,1515839,426298,976772
2025-09-24 00:11:48,118164,517296,267236,1515839,426298,976772
2025-09-25 00:11:59,118164,517296,267236,1515839,426298,976772
2025-09-26 00:11:58,118164,517296,267236,1515167,426298,976772
2025-09-27 00:11:30,118164,517296,267236,1515167,426298,976772
2025-09-28 00:13:36,118164,517296,267236,1515167,426298,976772
2025-09-29 00:12:50,118164,517296,267236,1515167,426298,976772
2025-09-30 00:12:16,118164,517296,267236,1509537,426298,977818
2025-10-01 00:13:27,118164,517296,267236,1512405,426298,977818
2025-10-02 00:11:13,118164,517296,267236,1512405,426298,977818
2025-10-03 00:11:28,118164,517296,267236,1523033,426298,977818
2025-10-04 00:11:27,118164,517296,267236,1523033,426298,977818
2025-10-05 00:13:37,118164,517296,267236,1523033,426298,977818
2025-10-06 00:12:33,118164,517296,267236,1523033,426298,977818
2025-10-07 00:12:14,118164,517296,267236,1523033,426298,977818
2025-10-08 00:11:57,118164,517296,267236,1523033,426298,977818
2025-10-09 00:11:31,118164,517296,267236,1553090,426298,977818
2025-10-10 00:12:07,118164,517296,267236,1553090,426298,977818
2025-10-11 00:11:41,118164,517296,267236,1553090,426298,977818
